DataSet;TempoMedio;
800.txt;47.4297893;
DataSet;TempoMedio;
1000.txt;91.12493106666666;
DataSet;TempoMedio;
1500.txt;311.08307713333335;
