DataSet;Tempo;
800.txt;60.38284116666667;
DataSet;Tempo;
1000.txt;118.47104723333337;
DataSet;Tempo;
1500.txt;411.6956467666667;
